seq_id,replicate,library,species,nursery,country,latitude,longitude,date,day,month,year,sex,pcl_mm,fl_mm,tl_mm,stl_mm,stage,from
SC_004-12,NA,SLH01,Scalloped,BB,USA,33.0095,-79.48533,2012-08-31,31,8,2012,M,NA,475,635,NA,YOY,Frazier
SC_005-12,NA,SLH01,Scalloped,BB,USA,33.0095,-79.48533,2012-08-31,31,8,2012,F,NA,445,592,NA,YOY,Frazier
SC_016-12,NA,SLH01,Scalloped,BB,USA,33.0095,-79.48533,2012-08-31,31,8,2012,M,NA,503,671,NA,YOY,Frazier
SC_028-12,NA,SLH01,Scalloped,BB,USA,33.0095,-79.48533,2012-09-28,28,9,2012,F,NA,525,698,NA,YOY,Frazier
SC_031-13,NA,SLH01,Scalloped,BB,USA,33.0095,-79.48533,2013-05-28,28,5,2013,F,NA,282,380,NA,YOY,Frazier
SC_034-13,NA,SLH01,Scalloped,BB,USA,33.02478,-79.50423,2013-06-10,10,6,2013,UND,NA,351,471,NA,YOY,Frazier
SC_036-13,NA,SLH01,Scalloped,BB,USA,33.0095,-79.48533,2013-06-17,17,6,2013,F,NA,350,464,NA,YOY,Frazier
SC_037-13,NA,SLH01,Scalloped,BB,USA,33.0095,-79.48533,2013-06-17,17,6,2013,F,NA,365,481,NA,YOY,Frazier
SC_038-13,NA,SLH01,Scalloped,BB,USA,33.0095,-79.48533,2013-06-17,17,6,2013,F,NA,400,528,NA,YOY,Frazier
SC_040-13,NA,SLH01,Scalloped,BB,USA,33.0095,-79.48533,2013-06-17,17,6,2013,F,NA,402,536,NA,YOY,Frazier
SC_041-13,NA,SLH01,Scalloped,BB,USA,33.0095,-79.48533,2013-06-17,17,6,2013,F,NA,354,472,NA,YOY,Frazier
SC_042-13,NA,SLH01,Scalloped,BB,USA,33.0095,-79.48533,2013-06-17,17,6,2013,F,NA,391,517,NA,YOY,Frazier
SC_046-13,NA,SLH01,Scalloped,BB,USA,33.0095,-79.48533,2013-06-17,17,6,2013,F,NA,341,459,NA,YOY,Frazier
SC_047-13,NA,SLH01,Scalloped,BB,USA,33.0095,-79.48533,2013-06-17,17,6,2013,F,NA,360,486,NA,YOY,Frazier
SC_048-13,NA,SLH01,Scalloped,BB,USA,33.0095,-79.48533,2013-06-17,17,6,2013,M,NA,387,515,NA,YOY,Frazier
SC_049-13,NA,SLH01,Scalloped,BB,USA,33.0095,-79.48533,2013-06-17,17,6,2013,M,NA,372,498,NA,YOY,Frazier
SC_054-13,NA,SLH03,Scalloped,BB,USA,33.0095,-79.48533,2013-06-24,24,6,2013,F,NA,402,559,NA,YOY,Frazier
SC_056-13,NA,SLH03,Scalloped,BB,USA,33.0095,-79.48533,2013-07-09,9,7,2013,M,NA,432,577,NA,YOY,Frazier
SC_058-13,NA,SLH03,Scalloped,BB,USA,33.0095,-79.48533,2013-07-09,9,7,2013,M,NA,430,572,NA,YOY,Frazier
SC_061-13,NA,SLH03,Scalloped,BB,USA,33.0095,-79.48533,2013-07-09,9,7,2013,F,NA,393,519,NA,YOY,Frazier
SC_133-14,NA,SLH10,Scalloped,BB,USA,33.00949,-79.48533,2014-05-29,29,5,2014,M,NA,359,480,NA,YOY,Frazier
SC_135-14,NA,SLH10,Scalloped,BB,USA,33.00949,-79.48533,2014-05-29,29,5,2014,M,NA,375,501,NA,YOY,Frazier
SC_136-14,NA,SLH10,Scalloped,BB,USA,33.00949,-79.48533,2014-05-29,29,5,2014,F,NA,335,444,NA,YOY,Frazier
SC_139-14,NA,SLH10,Scalloped,BB,USA,33.00949,-79.48533,2014-06-24,24,6,2014,M,NA,318,425,NA,YOY,Frazier
SC_142-14,NA,SLH10,Scalloped,BB,USA,33.0351,-79.54564,2014-07-08,8,7,2014,M,NA,388,515,NA,YOY,Frazier
SC_147-14,NA,SLH10,Scalloped,BB,USA,33.00949,-79.48533,2014-07-29,29,7,2014,M,NA,462,612,NA,YOY,Frazier
SC_148-14,NA,SLH11,Scalloped,BB,USA,33.00949,-79.48533,2014-07-29,29,7,2014,M,NA,442,583,NA,YOY,Frazier
SC_162-14,NA,SLH11,Scalloped,BB,USA,33.00949,-79.48533,2014-07-29,29,7,2014,M,NA,415,555,NA,YOY,Frazier
SC_260-16,NA,SLH06,Scalloped,BB,USA,33.0095,-79.48533,2016-05-09,9,5,2016,M,NA,360,477,NA,YOY,Frazier
SC_276-16,NA,SLH06,Scalloped,BB,USA,33.0095,-79.48533,2016-05-24,24,5,2016,F,NA,398,522,NA,YOY,Frazier
SC_279-16,NA,SLH06,Scalloped,BB,USA,33.0095,-79.48533,2016-05-24,24,5,2016,F,NA,376,494,NA,YOY,Frazier
SC_288-16,NA,SLH06,Scalloped,BB,USA,33.0095,-79.48533,2016-06-08,8,6,2016,M,NA,411,550,NA,YOY,Frazier
SC_292-16,NA,SLH06,Scalloped,BB,USA,33.0095,-79.48533,2016-06-08,8,6,2016,F,NA,387,515,NA,YOY,Frazier
SC_293-16,NA,SLH06,Scalloped,BB,USA,33.0095,-79.48533,2016-06-08,8,6,2016,M,NA,335,442,NA,YOY,Frazier
SC_299-16,NA,SLH06,Scalloped,BB,USA,33.0095,-79.48533,2016-06-08,8,6,2016,M,NA,374,495,NA,YOY,Frazier
SC_304-16,NA,SLH06,Scalloped,BB,USA,33.0095,-79.48533,2016-07-19,19,7,2016,M,NA,468,620,NA,YOY,Frazier
SC_306-16,NA,SLH06,Scalloped,BB,USA,33.03511,-79.54564,2016-07-22,22,7,2016,M,NA,405,539,NA,YOY,Frazier
SC_308-16,NA,SLH06,Scalloped,BB,USA,33.03511,-79.54564,2016-07-28,28,7,2016,M,420,477,636,NA,YOY,Frazier
SC_310-16,NA,SLH07,Scalloped,BB,USA,33.03511,-79.54564,2016-07-28,28,7,2016,M,378,418,562,NA,YOY,Frazier
SC_315-16,NA,SLH07,Scalloped,BB,USA,33.0095,-79.48533,2016-08-18,18,8,2016,M,424,471,627,NA,YOY,Frazier
SC_329-17,NA,SLH07,Scalloped,BB,USA,33.0095,-79.48533,2017-05-11,11,5,2017,F,310,345,462,NA,YOY,Frazier
SC_331-17,NA,SLH07,Scalloped,BB,USA,33.0095,-79.48533,2017-05-11,11,5,2017,M,350,393,524,NA,YOY,Frazier
SC_346-17,NA,SLH12,Scalloped,BB,USA,32.98116,-79.51725,2017-05-26,26,5,2017,M,NA,385,515,NA,YOY,Frazier
SC_377-17,NA,SLH12,Scalloped,BB,USA,32.9954,-79.48268,2017-06-22,22,6,2017,F,NA,332,427,NA,YOY,Frazier
SC_380-17,NA,SLH09,Scalloped,BB,USA,33.0095,-79.48533,2017-06-22,22,6,2017,M,309,347,462,NA,YOY,Frazier
SC_385-17,NA,SLH09,Scalloped,BB,USA,32.94155,-79.5438,2017-07-21,21,7,2017,M,412,462,612,NA,YOY,Frazier
SC_386-17,NA,SLH09,Scalloped,BB,USA,33.01003,-79.48662,2017-07-26,26,7,2017,F,312,352,468,NA,YOY,Frazier
SC_397-17,NA,SLH09,Scalloped,BB,USA,33.0095,-79.48533,2017-08-09,9,8,2017,M,420,464,613,NA,YOY,Frazier
SC_412-17,NA,SLH09,Scalloped,BB,USA,33.0095,-79.48533,2017-08-09,9,8,2017,M,481,535,707,NA,SM_JUV,Frazier
SC_415-17,NA,SLH09,Scalloped,BB,USA,33.0095,-79.48533,2017-08-09,9,8,2017,M,NA,428,574,NA,YOY,Frazier
SC_417-17,NA,SLH10,Scalloped,BB,USA,33.0095,-79.48533,2017-08-09,9,8,2017,F,416,464,620,NA,YOY,Frazier
SC_418-17,NA,SLH10,Scalloped,BB,USA,33.0095,-79.48533,2017-08-09,9,8,2017,F,431,480,637,NA,YOY,Frazier
SC_423-17,NA,SLH10,Scalloped,BB,USA,33.0095,-79.48533,2017-08-22,22,8,2017,F,447,496,658,NA,SM_JUV,Frazier
SC_426-17,NA,SLH10,Scalloped,BB,USA,33.0095,-79.48533,2017-08-22,22,8,2017,F,474,525,694,NA,SM_JUV,Frazier
SC_434-17,NA,SLH10,Scalloped,BB,USA,33.0095,-79.48533,2017-08-22,22,8,2017,M,444,493,655,NA,YOY,Frazier
SC_437-17,NA,SLH10,Scalloped,BB,USA,33.0095,-79.48533,2017-08-22,22,8,2017,M,426,475,622,NA,YOY,Frazier
SC_441-17,NA,SLH10,Scalloped,BB,USA,33.0095,-79.48533,2017-08-22,22,8,2017,F,340,499,657,NA,YOY,Frazier
SC_467-18,NA,SLH11,Scalloped,BB,USA,33.0095,-79.48533,2018-05-31,31,5,2018,M,320,355,364,NA,YOY,Frazier
SC_470-18_rep,rep,SLH13,Scalloped,BB,USA,33.0095,-79.48533,2018-06-18,18,6,2018,M,306,343,461,NA,YOY,Frazier
SC_475-18,NA,SLH11,Scalloped,BB,USA,33.0095,-79.48533,2018-06-18,18,6,2018,F,350,390,518,NA,YOY,Frazier
SC_477-18,NA,SLH11,Scalloped,BB,USA,33.0095,-79.48533,2018-06-18,18,6,2018,M,359,400,532,NA,YOY,Frazier
SC_479-18,NA,SLH11,Scalloped,BB,USA,33.0095,-79.48533,2018-06-18,18,6,2018,M,380,382,505,NA,YOY,Frazier
SC_480-18,NA,SLH12,Scalloped,BB,USA,33.0095,-79.48533,2018-06-18,18,6,2018,F,302,340,455,NA,YOY,Frazier
SC_485-18,NA,SLH11,Scalloped,BB,USA,33.0095,-79.48533,2018-06-28,28,6,2018,M,372,419,560,NA,YOY,Frazier
SC_490-18,NA,SLH11,Scalloped,BB,USA,33.0095,-79.48533,2018-06-28,28,6,2018,F,342,380,505,NA,YOY,Frazier
SC_495-18,NA,SLH11,Scalloped,BB,USA,32.99512,-79.46538,2018-06-29,29,6,2018,M,375,416,553,NA,YOY,Frazier
SC_496-18,NA,SLH11,Scalloped,BB,USA,33.00535,-79.41887,2018-06-29,29,6,2018,M,364,405,442,NA,YOY,Frazier
SC_512-18,NA,SLH11,Scalloped,BB,USA,33.0095,-79.48533,2018-07-13,13,7,2018,F,427,474,633,NA,YOY,Frazier
SC_517-18,NA,SLH12,Scalloped,BB,USA,33.0095,-79.48533,2018-08-10,10,8,2018,F,438,484,648,NA,SM_JUV,Frazier
SC_520-18,NA,SLH11,Scalloped,BB,USA,33.0095,-79.48533,2018-08-10,10,8,2018,M,400,449,592,NA,YOY,Frazier
SC_563-18,NA,SLH12,Scalloped,BB,USA,33.00627,-79.48651,2018-06-29,29,6,2018,M,NA,405,538,NA,YOY,Frazier
SC_654-19,NA,SLH13,Scalloped,BB,USA,33.0095,-79.48533,2019-05-06,6,5,2019,F,336,375,493,NA,YOY,Frazier
SC_658-19,NA,SLH13,Scalloped,BB,USA,33.0095,-79.48533,2019-05-06,6,5,2019,M,331,366,483,NA,YOY,Frazier
SC_661-19,NA,SLH13,Scalloped,BB,USA,33.0095,-79.48533,2019-05-20,20,5,2019,F,281,316,425,NA,YOY,Frazier
SC_662-19,NA,SLH13,Scalloped,BB,USA,33.0095,-79.48533,2019-05-20,20,5,2019,M,347,381,509,NA,YOY,Frazier
SC_663-19,NA,SLH13,Scalloped,BB,USA,33.0095,-79.48533,2019-05-20,20,5,2019,M,336,375,494,NA,YOY,Frazier
SC_665-19,NA,SLH13,Scalloped,BB,USA,33.0095,-79.48533,2019-05-20,20,5,2019,F,331,368,486,NA,YOY,Frazier
SC_666-19,NA,SLH13,Scalloped,BB,USA,33.0095,-79.48533,2019-05-20,20,5,2019,F,352,390,513,NA,YOY,Frazier
SC_669-19,NA,SLH13,Scalloped,BB,USA,33.0095,-79.48533,2019-05-20,20,5,2019,M,324,364,480,NA,YOY,Frazier
SC_670-19,NA,SLH13,Scalloped,BB,USA,33.0095,-79.48533,2019-05-20,20,5,2019,F,329,369,487,NA,YOY,Frazier
SC_679-19,NA,SLH13,Scalloped,BB,USA,33.0095,-79.48533,2019-06-03,3,6,2019,M,314,358,471,NA,YOY,Frazier
SC_680-19,NA,SLH14,Scalloped,BB,USA,33.0095,-79.48533,2019-06-03,3,6,2019,F,339,375,502,NA,YOY,Frazier
SC_682-19,NA,SLH14,Scalloped,BB,USA,33.0095,-79.48533,2019-06-03,3,6,2019,F,291,326,434,NA,YOY,Frazier
SC_684-19,NA,SLH13,Scalloped,BB,USA,33.0095,-79.48533,2019-06-03,3,6,2019,M,340,381,504,NA,YOY,Frazier
SC_685-19,NA,SLH14,Scalloped,BB,USA,33.0095,-79.48533,2019-06-03,3,6,2019,F,319,355,475,NA,YOY,Frazier
SC_686-19,NA,SLH14,Scalloped,BB,USA,33.0095,-79.48533,2019-06-03,3,6,2019,F,334,371,493,NA,YOY,Frazier
SC_687-19,NA,SLH14,Scalloped,BB,USA,33.0095,-79.48533,2019-06-03,3,6,2019,M,346,385,510,NA,YOY,Frazier
SC_702-19,NA,SLH14,Scalloped,BB,USA,33.0095,-79.48533,2019-06-03,3,6,2019,M,345,385,515,NA,YOY,Frazier
SC_703-19,NA,SLH14,Scalloped,BB,USA,33.0095,-79.48533,2019-06-03,3,6,2019,F,341,381,505,NA,YOY,Frazier
SC_708-19,NA,SLH15,Scalloped,BB,USA,33.0095,-79.48533,2019-08-01,1,8,2019,M,NA,440,592,NA,YOY,Frazier
SC_709-19,NA,SLH15,Scalloped,BB,USA,33.0095,-79.48533,2019-08-01,1,8,2019,F,NA,430,572,NA,YOY,Frazier
SC_715-19,NA,SLH14,Scalloped,BB,USA,33.0095,-79.48533,2019-08-01,1,8,2019,M,NA,435,567,NA,YOY,Frazier
SC_716-19,NA,SLH14,Scalloped,BB,USA,33.0095,-79.48533,2019-08-01,1,8,2019,M,NA,455,608,NA,YOY,Frazier
SC_718-19,NA,SLH14,Scalloped,BB,USA,33.0095,-79.48533,2019-08-01,1,8,2019,F,NA,440,586,NA,YOY,Frazier
SC_719-19,NA,SLH14,Scalloped,BB,USA,33.0095,-79.48533,2019-08-01,1,8,2019,M,NA,465,610,NA,YOY,Frazier
SC_720-19,NA,SLH14,Scalloped,BB,USA,33.0095,-79.48533,2019-08-01,1,8,2019,M,NA,505,672,NA,YOY,Frazier
SC_721-19,NA,SLH14,Scalloped,BB,USA,33.0095,-79.48533,2019-06-17,17,6,2019,F,NA,379,498,NA,YOY,Frazier
SC_722-19,NA,SLH14,Scalloped,BB,USA,33.0095,-79.48533,2019-06-17,17,6,2019,F,NA,401,532,NA,YOY,Frazier
SC_737-20,NA,SLH15,Scalloped,BB,USA,33.0095,-79.48533,2020-06-22,22,6,2020,F,NA,360,475,NA,YOY,Frazier
SC_753-20,NA,SLH15,Scalloped,BB,USA,33.0095,-79.48533,2020-08-18,18,8,2020,M,NA,492,655,NA,SM_JUV,Frazier
SC_754-20,NA,SLH15,Scalloped,BB,USA,33.0095,-79.48533,2020-08-18,18,8,2020,M,NA,524,693,NA,SM_JUV,Frazier
SC_755-20,NA,SLH15,Scalloped,BB,USA,33.0095,-79.48533,2020-08-18,18,8,2020,M,NA,468,616,NA,YOY,Frazier
SC_768-19,NA,SLH15,Scalloped,BB,USA,33.0095,-79.48533,2019-07-17,17,7,2019,F,NA,458,607,NA,YOY,Frazier
CC_001-12,NA,SLH01,Scalloped,CB,USA,28.41438,-80.57348,2012-08-15,15,8,2012,M,382,415,542,NA,YOY,Doug A.
CC_003-12,NA,SLH01,Scalloped,CB,USA,28.41438,-80.57348,2012-08-15,15,8,2012,F,415,460,615,NA,YOY,Doug A.
CC_004-12,NA,SLH01,Scalloped,CB,USA,28.41438,-80.57348,2012-08-15,15,8,2012,F,374,414,530,NA,YOY,Doug A.
CC_005-12,NA,SLH01,Scalloped,CB,USA,28.41438,-80.57348,2012-08-15,15,8,2012,F,350,390,492,NA,YOY,Doug A.
CC_006-12,NA,SLH01,Scalloped,CB,USA,28.41438,-80.57348,2012-08-15,15,8,2012,F,398,470,602,NA,YOY,Doug A.
CC_007-12,NA,SLH01,Scalloped,CB,USA,28.41438,-80.57348,2012-08-15,15,8,2012,F,374,405,520,NA,YOY,Doug A.
CC_009-12,NA,SLH01,Scalloped,CB,USA,28.41441,-80.57417,2012-08-09,9,8,2012,M,402,472,622,NA,YOY,Doug A.
CC_011-12,NA,SLH01,Scalloped,CB,USA,28.41438,-80.57348,2012-08-15,15,8,2012,M,410,442,570,NA,YOY,Doug A.
CC_012-12,NA,SLH01,Scalloped,CB,USA,28.41438,-80.57348,2012-08-15,15,8,2012,F,388,420,545,NA,YOY,Doug A.
CC_013-12,NA,SLH01,Scalloped,CB,USA,28.41438,-80.57348,2012-08-15,15,8,2012,F,390,430,565,NA,YOY,Doug A.
CC_014-12,NA,SLH01,Scalloped,CB,USA,28.41438,-80.57348,2012-08-15,15,8,2012,M,370,402,530,NA,YOY,Doug A.
CC_016-12,NA,SLH01,Scalloped,CB,USA,28.41438,-80.57348,2012-08-15,15,8,2012,M,366,405,528,NA,YOY,Doug A.
CC_017-12,NA,SLH01,Scalloped,CB,USA,28.41441,-80.57417,2012-08-09,9,8,2012,M,365,400,518,NA,YOY,Doug A.
CC_018-12,NA,SLH01,Scalloped,CB,USA,28.41438,-80.57348,2012-08-15,15,8,2012,F,430,470,630,NA,YOY,Doug A.
CC_019-12,NA,SLH01,Scalloped,CB,USA,28.41438,-80.57348,2012-08-15,15,8,2012,M,361,400,510,NA,YOY,Doug A.
CC_020-12,NA,SLH01,Scalloped,CB,USA,28.41438,-80.57348,2012-08-15,15,8,2012,M,390,425,541,NA,YOY,Doug A.
CC_021-12,NA,SLH01,Scalloped,CB,USA,28.41438,-80.57348,2012-08-15,15,8,2012,M,385,425,562,NA,YOY,Doug A.
CC_022-12,NA,SLH01,Scalloped,CB,USA,28.41438,-80.57348,2012-08-15,15,8,2012,F,380,410,550,NA,YOY,Doug A.
CC_023-12,NA,SLH01,Scalloped,CB,USA,28.41438,-80.57348,2012-08-15,15,8,2012,M,440,490,650,NA,YOY,Doug A.
CC_025-12,NA,SLH01,Scalloped,CB,USA,28.41441,-80.57417,2012-08-09,9,8,2012,F,402,434,555,NA,YOY,Doug A.
CC_027-12,NA,SLH01,Scalloped,CB,USA,28.41438,-80.57348,2012-08-15,15,8,2012,M,409,450,582,NA,YOY,Doug A.
CC_028-12,NA,SLH01,Scalloped,CB,USA,28.41438,-80.57348,2012-08-15,15,8,2012,M,385,420,550,NA,YOY,Doug A.
CC_029-12,NA,SLH01,Scalloped,CB,USA,28.41438,-80.57348,2012-08-15,15,8,2012,M,375,415,550,NA,YOY,Doug A.
CC_032-12,NA,SLH01,Scalloped,CB,USA,28.41438,-80.57348,2012-08-15,15,8,2012,M,390,430,560,NA,YOY,Doug A.
CC_037-12,NA,SLH01,Scalloped,CB,USA,28.41438,-80.57348,2012-08-15,15,8,2012,F,410,450,592,NA,YOY,Doug A.
CC_063-12,NA,SLH03,Scalloped,CB,USA,28.41438,-80.57348,2012-08-15,15,8,2012,F,380,415,550,NA,YOY,Doug A.
CC_064-12,NA,SLH03,Scalloped,CB,USA,28.41438,-80.57348,2012-08-15,15,8,2012,F,402,440,570,NA,YOY,Doug A.
CC_065-12,NA,SLH03,Scalloped,CB,USA,28.41438,-80.57348,2012-08-15,15,8,2012,M,442,485,630,NA,YOY,Doug A.
CC_066-13,NA,SLH03,Scalloped,CB,USA,28.41311,-80.57465,2013-06-04,4,6,2013,M,305,340,445,NA,YOY,Doug A.
CC_068-13,NA,SLH03,Scalloped,CB,USA,28.41311,-80.57465,2013-06-04,4,6,2013,M,335,372,455,NA,YOY,Doug A.
CC_069-13,NA,SLH03,Scalloped,CB,USA,28.41433,-80.57346,2013-06-03,3,6,2013,F,335,370,490,NA,YOY,Doug A.
CC_070-13,NA,SLH03,Scalloped,CB,USA,28.41729,-80.575,2013-06-28,28,6,2013,M,325,350,450,NA,YOY,Doug A.
CC_071-13,NA,SLH03,Scalloped,CB,USA,28.41433,-80.57346,2013-06-03,3,6,2013,M,350,380,500,NA,YOY,Doug A.
CC_072-13,NA,SLH03,Scalloped,CB,USA,28.41434,-80.57315,2013-06-18,18,6,2013,M,410,440,560,NA,YOY,Doug A.
CC_073-13,NA,SLH03,Scalloped,CB,USA,28.41311,-80.57465,2013-06-04,4,6,2013,F,310,348,465,NA,YOY,Doug A.
CC_074-13,NA,SLH03,Scalloped,CB,USA,28.41729,-80.575,2013-06-28,28,6,2013,F,300,320,440,NA,YOY,Doug A.
CC_076-13,NA,SLH03,Scalloped,CB,USA,28.41311,-80.57465,2013-06-04,4,6,2013,F,315,350,672,NA,YOY,Doug A.
CC_077-13,NA,SLH03,Scalloped,CB,USA,28.41433,-80.57346,2013-06-03,3,6,2013,M,320,360,470,NA,YOY,Doug A.
CC_087-13,NA,SLH03,Scalloped,CB,USA,28.41311,-80.57465,2013-06-04,4,6,2013,M,310,346,452,NA,YOY,Doug A.
CC_090-13,NA,SLH03,Scalloped,CB,USA,28.41729,-80.575,2013-06-28,28,6,2013,M,330,360,450,NA,YOY,Doug A.
CC_092-13,NA,SLH03,Scalloped,CB,USA,28.61955,-80.60245,2013-06-28,28,6,2013,F,340,370,500,NA,YOY,Doug A.
CC_095-13,NA,SLH03,Scalloped,CB,USA,28.41729,-80.575,2013-06-28,28,6,2013,F,330,365,500,NA,YOY,Doug A.
CC_096-13,NA,SLH03,Scalloped,CB,USA,28.41311,-80.57465,2013-06-04,4,6,2013,F,340,375,495,NA,YOY,Doug A.
CC_152-14,NA,SLH07,Scalloped,CB,USA,28.435,-80.557,2014-06-20,20,6,2014,M,370,410,540,NA,YOY,Doug A.
CC_153-14,NA,SLH07,Scalloped,CB,USA,28.435,-80.557,2014-06-20,20,6,2014,M,330,360,430,NA,YOY,Doug A.
CC_154-14,NA,SLH07,Scalloped,CB,USA,28.435,-80.557,2014-06-20,20,6,2014,F,350,360,480,NA,YOY,Doug A.
CC_156-14,NA,SLH07,Scalloped,CB,USA,28.435,-80.557,2014-06-20,20,6,2014,F,330,370,470,NA,YOY,Doug A.
CC_157-14,NA,SLH07,Scalloped,CB,USA,28.435,-80.557,2014-06-20,20,6,2014,M,340,370,500,NA,YOY,Doug A.
CC_158-14,NA,SLH06,Scalloped,CB,USA,28.435,-80.557,2014-06-20,20,6,2014,F,293,324,413,436,YOY,Doug A.
CC_161-14,NA,SLH06,Scalloped,CB,USA,28.435,-80.557,2014-06-20,20,6,2014,F,338,376,377,507,YOY,Doug A.
CC_162-14,NA,SLH06,Scalloped,CB,USA,28.435,-80.557,2014-06-20,20,6,2014,M,299,331,432,445,YOY,Doug A.
CC_163-14,NA,SLH06,Scalloped,CB,USA,28.435,-80.557,2014-06-20,20,6,2014,M,294,326,415,436,YOY,Doug A.
CC_164-14,NA,SLH06,Scalloped,CB,USA,28.435,-80.557,2014-06-20,20,6,2014,M,309,341,435,461,YOY,Doug A.
CC_165-14,NA,SLH06,Scalloped,CB,USA,28.435,-80.557,2014-06-20,20,6,2014,F,322,358,448,473,YOY,Doug A.
CC_166-14,NA,SLH07,Scalloped,CB,USA,28.435,-80.557,2014-06-20,20,6,2014,M,335,365,470,NA,YOY,Doug A.
CC_167-14,NA,SLH12,Scalloped,CB,USA,28.435,-80.557,2014-06-20,20,6,2014,M,365,400,520,NA,YOY,Doug A.
CC_168-14,NA,SLH12,Scalloped,CB,USA,28.435,-80.557,2014-06-20,20,6,2014,M,350,380,500,NA,YOY,Doug A.
CC_170-14,NA,SLH12,Scalloped,CB,USA,28.435,-80.557,2014-06-20,20,6,2014,M,345,380,490,NA,YOY,Doug A.
CC_171-14,NA,SLH06,Scalloped,CB,USA,28.435,-80.557,2014-06-20,20,6,2014,F,302,335,427,455,YOY,Doug A.
CC_172-14,NA,SLH12,Scalloped,CB,USA,28.435,-80.557,2014-06-20,20,6,2014,F,315,355,450,NA,YOY,Doug A.
CC_173-14,NA,SLH12,Scalloped,CB,USA,28.435,-80.557,2014-06-20,20,6,2014,M,345,380,500,NA,YOY,Doug A.
CC_176-14,NA,SLH12,Scalloped,CB,USA,28.445,-80.532,2014-06-24,24,6,2014,F,310,340,450,NA,YOY,Doug A.
CC_177-14,NA,SLH12,Scalloped,CB,USA,28.445,-80.532,2014-06-24,24,6,2014,M,320,340,450,NA,YOY,Doug A.
CC_180-14,NA,SLH12,Scalloped,CB,USA,28.414,-80.572,2014-07-09,9,7,2014,F,355,390,500,NA,YOY,Doug A.
CC_187-14,NA,SLH12,Scalloped,CB,USA,28.433,-80.558,2014-07-09,9,7,2014,F,320,350,470,NA,YOY,Doug A.
CC_192-14,NA,SLH12,Scalloped,CB,USA,28.415,-80.572,2014-07-10,10,7,2014,F,335,365,470,NA,YOY,Doug A.
CC_201-14_rep,rep,SLH12,Scalloped,CB,USA,28.41531,-80.56971,2014-08-18,18,8,2014,M,420,450,580,NA,YOY,Doug A.
CC_205-14,NA,SLH06,Scalloped,CB,USA,28.413,-80.576,2014-09-02,2,9,2014,M,380,422,538,564,YOY,Doug A.
CC_206-14,NA,SLH06,Scalloped,CB,USA,28.413,-80.576,2014-09-02,2,9,2014,M,410,458,589,613,YOY,Doug A.
CC_216-15,NA,SLH10,Scalloped,CB,USA,28.416,-80.574,2015-07-29,29,7,2015,F,340,380,500,NA,YOY,Doug A.
CC_217-15,NA,SLH10,Scalloped,CB,USA,28.416,-80.574,2015-07-29,29,7,2015,M,320,360,480,NA,YOY,Doug A.
CC_218-15,NA,SLH10,Scalloped,CB,USA,28.416,-80.574,2015-07-29,29,7,2015,F,340,380,470,NA,YOY,Doug A.
CC_219-15,NA,SLH10,Scalloped,CB,USA,28.416,-80.574,2015-07-29,29,7,2015,M,330,370,480,NA,YOY,Doug A.
CC_221-15,NA,SLH10,Scalloped,CB,USA,28.416,-80.574,2015-07-29,29,7,2015,F,310,340,450,NA,YOY,Doug A.
CC_222-15,NA,SLH10,Scalloped,CB,USA,28.47037,-80.43763,2015-09-28,28,9,2015,F,675,730,930,NA,SM_JUV,Doug A.
CC_226-16,NA,SLH09,Scalloped,CB,USA,28.414,-80.573,2016-05-11,11,5,2016,M,320,420,450,NA,YOY,Doug A.
CC_227-16,NA,SLH09,Scalloped,CB,USA,28.414,-80.573,2016-05-11,11,5,2016,F,360,390,510,NA,YOY,Doug A.
CC_231-16,NA,SLH09,Scalloped,CB,USA,28.414,-80.573,2016-05-11,11,5,2016,F,290,320,430,NA,YOY,Doug A.
CC_232-16,NA,SLH09,Scalloped,CB,USA,28.414,-80.573,2016-05-11,11,5,2016,M,330,365,470,NA,YOY,Doug A.
CC_238-16,NA,SLH09,Scalloped,CB,USA,28.414,-80.573,2016-05-11,11,5,2016,M,360,390,510,NA,YOY,Doug A.
CC_240-16,NA,SLH10,Scalloped,CB,USA,28.414,-80.573,2016-05-11,11,5,2016,M,360,385,510,NA,YOY,Doug A.
CC_245-16,NA,SLH10,Scalloped,CB,USA,28.414,-80.573,2016-05-11,11,5,2016,F,350,380,480,NA,YOY,Doug A.
CC_246-16,NA,SLH10,Scalloped,CB,USA,28.414,-80.573,2016-05-11,11,5,2016,M,350,380,490,NA,YOY,Doug A.
CC_247-16,NA,SLH10,Scalloped,CB,USA,28.414,-80.573,2016-05-11,11,5,2016,M,360,390,510,NA,YOY,Doug A.
CC_252-16,NA,SLH10,Scalloped,CB,USA,28.414,-80.573,2016-05-11,11,5,2016,M,340,370,500,NA,YOY,Doug A.
CC_259-16,NA,SLH10,Scalloped,CB,USA,28.414,-80.573,2016-05-11,11,5,2016,F,330,360,480,NA,YOY,Doug A.
CC_262-16,NA,SLH11,Scalloped,CB,USA,28.414,-80.573,2016-05-11,11,5,2016,M,340,370,490,NA,YOY,Doug A.
CC_269-16,NA,SLH11,Scalloped,CB,USA,28.414,-80.573,2016-05-11,11,5,2016,M,335,360,460,NA,YOY,Doug A.
CC_271-16,NA,SLH11,Scalloped,CB,USA,28.415,-80.569,2016-06-17,17,6,2016,F,635,700,900,NA,SM_JUV,Doug A.
CC_272-16,NA,SLH11,Scalloped,CB,USA,28.415,-80.569,2016-06-17,17,6,2016,F,350,390,480,NA,YOY,Doug A.
CC_273-16,NA,SLH11,Scalloped,CB,USA,28.415,-80.569,2016-06-17,17,6,2016,F,365,390,495,NA,YOY,Doug A.
CC_274-16,NA,SLH11,Scalloped,CB,USA,28.415,-80.569,2016-06-17,17,6,2016,F,330,360,480,NA,YOY,Doug A.
CC_277-16,NA,SLH11,Scalloped,CB,USA,28.433,-80.556,2016-08-17,17,8,2016,M,440,480,630,NA,YOY,Doug A.
CC_278-16,NA,SLH11,Scalloped,CB,USA,28.433,-80.556,2016-08-17,17,8,2016,F,430,470,610,NA,YOY,Doug A.
CC_279-16,NA,SLH11,Scalloped,CB,USA,28.433,-80.556,2016-08-17,17,8,2016,F,380,420,530,NA,YOY,Doug A.
CC_281-15,NA,SLH06,Scalloped,CB,USA,28.2606,-80.4667,2015-08-27,27,8,2015,F,362,406,538,NA,YOY,Frazier
CC_282-16,NA,SLH06,Scalloped,CB,USA,28.414,-80.573,2016-05-11,11,5,2016,M,338,376,503,NA,YOY,Frazier
CC_283-16,NA,SLH06,Scalloped,CB,USA,28.414,-80.573,2016-05-11,11,5,2016,M,317,354,470,NA,YOY,Frazier
CC_284-16,NA,SLH06,Scalloped,CB,USA,28.414,-80.573,2016-05-11,11,5,2016,M,324,361,482,NA,YOY,Frazier
CC_285-16,NA,SLH06,Scalloped,CB,USA,28.414,-80.573,2016-05-11,11,5,2016,M,325,362,480,NA,YOY,Frazier
CC_286-16_rep,rep,SLH11,Scalloped,CB,USA,28.414,-80.573,2016-05-11,11,5,2016,M,307,346,456,NA,YOY,Frazier
CC_288-16,NA,SLH07,Scalloped,CB,USA,28.414,-80.573,2016-05-11,11,5,2016,M,303,340,449,NA,YOY,Frazier
CC_292-16,NA,SLH07,Scalloped,CB,USA,28.414,-80.573,2016-05-11,11,5,2016,M,296,330,440,NA,YOY,Frazier
CC_297-16,NA,SLH07,Scalloped,CB,USA,28.415,-80.569,2016-06-17,17,6,2016,M,355,394,527,NA,YOY,Frazier
CC_298-16,NA,SLH07,Scalloped,CB,USA,28.415,-80.569,2016-06-17,17,6,2016,M,646,717,944,NA,SM_JUV,Frazier
TX_007-12,NA,SLH01,Scalloped,CCB,USA,27.58081,-97.21648,2012-06-03,3,6,2012,M,NA,393.7,NA,520.7,YOY,NA
TX_023-14,NA,SLH03,Scalloped,CCB,USA,27.71306,-97.31611,2014-10-01,1,10,2014,M,NA,NA,NA,685,SM_JUV,NA
TX_024-14,NA,SLH03,Scalloped,CCB,USA,27.75111,-97.37528,2014-10-01,1,10,2014,F,NA,NA,NA,690,SM_JUV,NA
TX_025-14,NA,SLH03,Scalloped,CCB,USA,27.75111,-97.37528,2014-10-01,1,10,2014,M,NA,NA,NA,741,SM_JUV,NA
TX_026-14,NA,SLH03,Scalloped,CCB,USA,27.75111,-97.37528,2014-10-01,1,10,2014,F,NA,NA,NA,775,SM_JUV,NA
TX_027-14,NA,SLH03,Scalloped,CCB,USA,27.75111,-97.37528,2014-10-01,1,10,2014,M,NA,NA,NA,724,SM_JUV,NA
TX_028-14,NA,SLH03,Scalloped,CCB,USA,27.75111,-97.37528,2014-10-01,1,10,2014,F,NA,NA,NA,711,SM_JUV,NA
TX_029-14,NA,SLH03,Scalloped,CCB,USA,27.75111,-97.37528,2014-10-01,1,10,2014,F,NA,NA,NA,660,SM_JUV,NA
TX_030-14,NA,SLH03,Scalloped,CCB,USA,27.87889,-97.28194,2014-10-15,15,10,2014,M,NA,NA,NA,821,SM_JUV,NA
TX_051-17,NA,SLH06,Scalloped,CCB,USA,27.84285,-97.32407,2017-07-06,6,7,2017,F,192,210,NA,280,SM_JUV,NA
TX_052-17,NA,SLH06,Scalloped,CCB,USA,27.85441,-97.30847,2017-08-21,21,8,2017,M,490,545,NA,732,SM_JUV,NA
TX_053-17,NA,SLH06,Scalloped,CCB,USA,27.82208,-97.32663,2017-08-21,21,8,2017,UND,520,578,NA,770,SM_JUV,NA
TX_054-17,NA,SLH06,Scalloped,CCB,USA,27.84099,-97.32098,2017-07-07,7,7,2017,F,390,439,NA,590,YOY,NA
TX_056-17,NA,SLH06,Scalloped,CCB,USA,27.83726,-97.3256,2017-07-07,7,7,2017,F,420,470,NA,620,YOY,NA
TX_057-17,NA,SLH06,Scalloped,CCB,USA,27.83726,-97.3256,2017-07-07,7,7,2017,F,430,480,NA,642,SM_JUV,NA
TX_058-17,NA,SLH06,Scalloped,CCB,USA,27.82659,-97.32351,2017-07-31,31,7,2017,UND,466,515,NA,684,SM_JUV,NA
TX_075-18,NA,SLH09,Scalloped,CCB,USA,27.836,-97.14853,2018-05-30,30,5,2018,F,NA,NA,455,NA,YOY,NA
TX_096-18,NA,SLH11,Scalloped,CCB,USA,27.82208,-97.32663,2018-10-02,2,10,2018,F,NA,NA,794,NA,SM_JUV,NA
TX_099-19,NA,SLH14,Scalloped,CCB,USA,27.87083,-97.10944,2019-09-08,8,9,2019,M,NA,NA,732,NA,SM_JUV,NA
TX_100-19,NA,SLH14,Scalloped,CCB,USA,27.87083,-97.10944,2019-09-08,8,9,2019,M,NA,NA,835,NA,SM_JUV,NA
TX_101-19,NA,SLH14,Scalloped,CCB,USA,27.87083,-97.10944,2019-09-08,8,9,2019,M,NA,NA,790,NA,SM_JUV,NA
TX_106-21,NA,SLH16,Scalloped,CCB,USA,27.83635,-97.30912,2021-06-16,16,6,2021,F,336,372,NA,500,YOY,Portnoy
TX_107-21,NA,SLH16,Scalloped,CCB,USA,27.84942,-97.32548,2021-08-12,12,8,2021,M,390,430,NA,568,YOY,Portnoy
TX_108-21,NA,SLH16,Scalloped,CCB,USA,27.84942,-97.32548,2021-08-12,12,8,2021,M,440,485,NA,650,SM_JUV,Portnoy
TX_109-21,NA,SLH16,Scalloped,CCB,USA,27.84942,-97.32548,2021-08-12,12,8,2021,M,380,410,NA,449,YOY,Portnoy
TX_111-21,NA,SLH16,Scalloped,CCB,USA,27.84942,-97.32548,2021-08-12,12,8,2021,M,410,455,NA,612,SM_JUV,Portnoy
TX_112-21,NA,SLH16,Scalloped,CCB,USA,27.84942,-97.32548,2021-08-12,12,8,2021,M,400,435,NA,580,YOY,Portnoy
TX_113-21,NA,SLH16,Scalloped,CCB,USA,27.84942,-97.32548,2021-08-12,12,8,2021,F,380,420,NA,560,YOY,Portnoy
TX_114-21,NA,SLH16,Scalloped,CCB,USA,27.84942,-97.32548,2021-08-12,12,8,2021,M,400,442,NA,595,YOY,Portnoy
TX_115-21,NA,SLH16,Scalloped,CCB,USA,27.51113,-97.18763,2021-08-12,12,8,2021,M,411,459,NA,624,YOY,Portnoy
TX_116-21,NA,SLH16,Scalloped,CCB,USA,27.51113,-97.18763,2021-08-12,12,8,2021,F,400,441,NA,588,YOY,Portnoy
TX_117-21,NA,SLH16,Scalloped,CCB,USA,27.51113,-97.18763,2021-08-12,12,8,2021,F,389,429,NA,565,YOY,Portnoy
TX_118-21,NA,SLH16,Scalloped,CCB,USA,27.51113,-97.18763,2021-08-12,12,8,2021,F,415,461,NA,615,YOY,Portnoy
TX_119-21,NA,SLH16,Scalloped,CCB,USA,27.51113,-97.18763,2021-08-12,12,8,2021,F,474,526,NA,696,SM_JUV,Portnoy
TX_120-21,NA,SLH16,Scalloped,CCB,USA,27.50621,-97.18769,2021-08-12,12,8,2021,F,469,520,NA,693,SM_JUV,Portnoy
TX_121-21,NA,SLH16,Scalloped,CCB,USA,27.50621,-97.18769,2021-08-12,12,8,2021,M,424,463,NA,621,SM_JUV,Portnoy
TX_122-21,NA,SLH16,Scalloped,CCB,USA,27.50621,-97.18769,2021-08-12,12,8,2021,F,395,436,NA,576,YOY,Portnoy
TX_123-21,NA,SLH16,Scalloped,CCB,USA,27.50621,-97.18769,2021-08-12,12,8,2021,F,450,504,NA,602,SM_JUV,Portnoy
TX_124-21,NA,SLH16,Scalloped,CCB,USA,27.50621,-97.18769,2021-08-12,12,8,2021,M,423,466,NA,629,SM_JUV,Portnoy
TX_125-21,NA,SLH16,Scalloped,CCB,USA,27.50621,-97.18769,2021-08-12,12,8,2021,M,436,485,NA,660,SM_JUV,Portnoy
TX_126-21,NA,SLH16,Scalloped,CCB,USA,27.51598,-97.18758,2021-09-15,15,9,2021,M,480,534,NA,719,SM_JUV,Portnoy
TX_128-21,NA,SLH16,Scalloped,CCB,USA,27.49711,-97.18431,2021-09-15,15,9,2021,M,473,525,NA,704,SM_JUV,Portnoy
TX_129-21,NA,SLH16,Scalloped,CCB,USA,27.49711,-97.18431,2021-09-15,15,9,2021,F,453,509,NA,671,SM_JUV,Portnoy
TX_130-21,NA,SLH16,Scalloped,CCB,USA,27.4938,-97.19271,2021-09-15,15,9,2021,M,484,540,NA,719,SM_JUV,Portnoy
TX_131-21,NA,SLH16,Scalloped,CCB,USA,27.4938,-97.19271,2021-09-15,15,9,2021,M,495,560,NA,741,SM_JUV,Portnoy
TX_132-21,NA,SLH16,Scalloped,CCB,USA,27.4938,-97.19271,2021-09-15,15,9,2021,M,474,523,NA,702,SM_JUV,Portnoy
TX_133-21,NA,SLH16,Scalloped,CCB,USA,27.4938,-97.19271,2021-09-15,15,9,2021,M,430,480,NA,641,SM_JUV,Portnoy
TX_134-21,NA,SLH16,Scalloped,CCB,USA,27.4938,-97.19271,2021-09-15,15,9,2021,F,490,534,NA,NA,SM_JUV,Portnoy
TX_135-21,NA,SLH16,Scalloped,CCB,USA,27.5058,-97.19899,2021-09-15,15,9,2021,M,470,520,NA,690,SM_JUV,Portnoy
TX_137-21,NA,SLH16,Scalloped,CCB,USA,27.48594,-97.09387,2021-10-06,6,10,2021,M,515,572,NA,762,SM_JUV,Portnoy
TX_138-21,NA,SLH16,Scalloped,CCB,USA,27.47655,-97.0971,2021-10-06,6,10,2021,F,490,543,NA,726,SM_JUV,Portnoy
TX_140-21,NA,SLH16,Scalloped,CCB,USA,27.47455,-97.09301,2021-10-06,6,10,2021,M,491,537,NA,NA,SM_JUV,Portnoy
TX_141-21,NA,SLH16,Scalloped,CCB,USA,27.47455,-97.09301,2021-10-06,6,10,2021,M,470,520,NA,696,SM_JUV,Portnoy
TX_142-21,NA,SLH16,Scalloped,CCB,USA,27.4689,-97.09875,2021-10-06,6,10,2021,M,480,528,NA,690,SM_JUV,Portnoy
TX_143-21,NA,SLH16,Scalloped,CCB,USA,27.4689,-97.09875,2021-10-06,6,10,2021,M,500,555,NA,720,SM_JUV,Portnoy
TX_144-21,NA,SLH16,Scalloped,CCB,USA,27.4689,-97.09875,2021-10-06,6,10,2021,M,515,570,NA,756,SM_JUV,Portnoy
TX_145-21,NA,SLH16,Scalloped,CCB,USA,27.49836,-97.1815,2021-10-11,11,10,2021,M,500,550,NA,734,SM_JUV,Portnoy
TX_146-21,NA,SLH16,Scalloped,CCB,USA,27.49836,-97.1815,2021-10-11,11,10,2021,M,520,480,NA,770,SM_JUV,Portnoy
TX_147-21,NA,SLH16,Scalloped,CCB,USA,27.49836,-97.1815,2021-10-11,11,10,2021,F,404,550,NA,710,SM_JUV,Portnoy
TX_150-21,NA,SLH16,Scalloped,CCB,USA,27.49836,-97.1815,2021-10-11,11,10,2021,F,NA,549,NA,731,SM_JUV,Portnoy
PC_001-14,NA,SLH01,Scalloped,FPH,USA,29.65305,-85.17548,2014-04-24,24,4,2014,F,335,370,NA,505,YOY,Bethea
PC_002-14,NA,SLH01,Scalloped,FPH,USA,29.65305,-85.17548,2014-04-24,24,4,2014,M,480,535,NA,710,YOY,Bethea
PC_004-14,NA,SLH01,Scalloped,FPH,USA,29.65305,-85.17548,2014-04-24,24,4,2014,F,540,600,NA,795,YOY,Bethea
PC_006-14,NA,SLH01,Scalloped,FPH,USA,29.8651,-85.35667,2014-05-20,20,5,2014,F,350,385,NA,510,YOY,Bethea
PC_010-14,NA,SLH01,Scalloped,FPH,USA,29.664180000000002,-85.1963,2014-05-22,22,5,2014,F,370,410,NA,550,YOY,Bethea
PC_011-14,NA,SLH01,Scalloped,FPH,USA,29.664180000000002,-85.1963,2014-05-22,22,5,2014,M,310,350,NA,470,YOY,Bethea
PC_012-14,NA,SLH01,Scalloped,FPH,USA,29.664180000000002,-85.1963,2014-05-22,22,5,2014,F,360,400,NA,530,YOY,Bethea
PC_013-14,NA,SLH01,Scalloped,FPH,USA,29.664180000000002,-85.1963,2014-05-22,22,5,2014,M,335,380,NA,510,YOY,Bethea
PC_015-14,NA,SLH01,Scalloped,FPH,USA,29.66968,-85.21169,2014-05-22,22,5,2014,M,330,370,NA,495,YOY,Bethea
PC_017-14,NA,SLH01,Scalloped,FPH,USA,29.76827,-85.33584,2014-06-05,5,6,2014,F,320,360,NA,490,YOY,Bethea
PC_018-14,NA,SLH01,Scalloped,FPH,USA,29.76827,-85.33584,2014-06-05,5,6,2014,M,335,370,NA,500,YOY,Bethea
PC_020-14,NA,SLH01,Scalloped,FPH,USA,29.76827,-85.33584,2014-06-05,5,6,2014,F,335,370,NA,495,YOY,Bethea
PC_021-14,NA,SLH01,Scalloped,FPH,USA,29.98522,-85.51698,2014-07-01,1,7,2014,M,335,370,NA,500,YOY,Bethea
PC_022-14,NA,SLH01,Scalloped,FPH,USA,29.98522,-85.51698,2014-07-01,1,7,2014,F,340,370,NA,500,YOY,Bethea
PC_023-14,NA,SLH01,Scalloped,FPH,USA,29.98522,-85.51698,2014-07-01,1,7,2014,M,325,360,NA,490,YOY,Bethea
PC_025-14,NA,SLH01,Scalloped,FPH,USA,29.98522,-85.51698,2014-07-01,1,7,2014,M,320,350,NA,470,YOY,Bethea
PC_026-14,NA,SLH01,Scalloped,FPH,USA,29.98522,-85.51698,2014-07-01,1,7,2014,F,360,395,NA,525,YOY,Bethea
PC_027-14,NA,SLH01,Scalloped,FPH,USA,29.98522,-85.51698,2014-07-01,1,7,2014,M,350,380,NA,510,YOY,Bethea
PC_028-14,NA,SLH01,Scalloped,FPH,USA,29.98522,-85.51698,2014-07-01,1,7,2014,M,345,380,NA,500,YOY,Bethea
PC_029-14,NA,SLH01,Scalloped,FPH,USA,29.98522,-85.51698,2014-07-01,1,7,2014,F,310,340,NA,460,YOY,Bethea
PC_030-14,NA,SLH01,Scalloped,FPH,USA,29.98522,-85.51698,2014-07-01,1,7,2014,M,330,360,NA,490,YOY,Bethea
PC_031-14,NA,SLH01,Scalloped,FPH,USA,29.98522,-85.51698,2014-07-01,1,7,2014,M,320,360,NA,480,YOY,Bethea
PC_032-14,NA,SLH01,Scalloped,FPH,USA,29.98522,-85.51698,2014-07-01,1,7,2014,M,360,400,NA,530,YOY,Bethea
PC_033-14,NA,SLH01,Scalloped,FPH,USA,29.98522,-85.51698,2014-07-01,1,7,2014,M,315,345,NA,465,YOY,Bethea
PC_035-14,NA,SLH01,Scalloped,FPH,USA,29.63708,-85.16149,2014-08-07,7,8,2014,M,350,390,NA,520,YOY,Bethea
PC_037-14,NA,SLH01,Scalloped,FPH,USA,29.99648,-85.52349,2014-08-14,14,8,2014,F,350,390,NA,515,YOY,Bethea
PC_038-14,NA,SLH01,Scalloped,FPH,USA,29.99648,-85.52349,2014-08-14,14,8,2014,M,380,420,NA,560,YOY,Bethea
PC_039-14,NA,SLH01,Scalloped,FPH,USA,29.99648,-85.52349,2014-08-14,14,8,2014,M,360,390,NA,530,YOY,Bethea
PC_040-14,NA,SLH01,Scalloped,FPH,USA,29.99648,-85.52349,2014-08-14,14,8,2014,F,370,400,NA,540,YOY,Bethea
PC_041-14,NA,SLH01,Scalloped,FPH,USA,29.99648,-85.52349,2014-08-14,14,8,2014,M,390,420,NA,570,YOY,Bethea
PC_042-14,NA,SLH01,Scalloped,FPH,USA,29.99648,-85.52349,2014-08-14,14,8,2014,M,360,390,NA,525,YOY,Bethea
PC_043-14,NA,SLH01,Scalloped,FPH,USA,29.99648,-85.52348,2014-08-14,14,8,2014,M,340,380,NA,510,YOY,Bethea
PC_076-15,NA,SLH06,Scalloped,FPH,USA,29.64655,-85.17072,2015-07-28,28,7,2015,M,355,385,NA,515,YOY,Bethea
PC_077-15,NA,SLH06,Scalloped,FPH,USA,29.62383,-85.1673,2015-08-13,13,8,2015,F,430,470,NA,625,YOY,Bethea
PC_079-15,NA,SLH06,Scalloped,FPH,USA,30.00618,-85.53995,2015-08-20,20,8,2015,M,360,395,NA,535,YOY,Bethea
PC_080-15,NA,SLH06,Scalloped,FPH,USA,30.00618,-85.53995,2015-08-20,20,8,2015,M,375,410,NA,555,YOY,Bethea
PC_081-15,NA,SLH06,Scalloped,FPH,USA,30.00618,-85.53995,2015-08-20,20,8,2015,F,380,420,NA,565,YOY,Bethea
PC_082-15,NA,SLH06,Scalloped,FPH,USA,30.00618,-85.53995,2015-08-20,20,8,2015,F,355,395,NA,520,YOY,Bethea
PC_083-15,NA,SLH06,Scalloped,FPH,USA,30.00618,-85.53995,2015-08-20,20,8,2015,M,365,405,NA,540,YOY,Bethea
PC_084-15,NA,SLH06,Scalloped,FPH,USA,30.00618,-85.53995,2015-08-20,20,8,2015,M,365,400,NA,540,YOY,Bethea
PC_085-15,NA,SLH06,Scalloped,FPH,USA,30.00618,-85.53995,2015-08-20,20,8,2015,F,390,425,NA,570,YOY,Bethea
PC_086-15,NA,SLH06,Scalloped,FPH,USA,30.00618,-85.53995,2015-08-20,20,8,2015,M,355,390,NA,520,YOY,Bethea
PC_087-15,NA,SLH06,Scalloped,FPH,USA,30.00618,-85.53995,2015-08-20,20,8,2015,M,360,400,NA,535,YOY,Bethea
PC_088-15,NA,SLH06,Scalloped,FPH,USA,30.00618,-85.53995,2015-08-20,20,8,2015,M,385,415,NA,560,YOY,Bethea
PC_089-15,NA,SLH06,Scalloped,FPH,USA,30.00618,-85.53995,2015-08-20,20,8,2015,M,390,430,NA,570,YOY,Bethea
PC_090-15,NA,SLH06,Scalloped,FPH,USA,30.00618,-85.53995,2015-08-20,20,8,2015,M,360,395,NA,520,YOY,Bethea
PC_091-15,NA,SLH06,Scalloped,FPH,USA,30.00618,-85.53995,2015-08-20,20,8,2015,M,375,415,NA,550,YOY,Bethea
PC_092-15,NA,SLH06,Scalloped,FPH,USA,30.00618,-85.53995,2015-08-20,20,8,2015,F,355,395,NA,525,YOY,Bethea
PC_093-15,NA,SLH06,Scalloped,FPH,USA,30.00618,-85.53995,2015-08-20,20,8,2015,F,360,400,NA,525,YOY,Bethea
PC_094-15,NA,SLH06,Scalloped,FPH,USA,30.00618,-85.53995,2015-08-20,20,8,2015,M,360,400,NA,530,YOY,Bethea
PC_095-15,NA,SLH07,Scalloped,FPH,USA,30.00618,-85.53995,2015-08-20,20,8,2015,M,385,425,NA,565,YOY,Bethea
PC_096-15,NA,SLH07,Scalloped,FPH,USA,30.00618,-85.53995,2015-08-20,20,8,2015,M,350,385,NA,510,YOY,Bethea
PC_097-15,NA,SLH07,Scalloped,FPH,USA,30.00618,-85.53995,2015-08-20,20,8,2015,F,305,340,NA,455,YOY,Bethea
PC_098-15,NA,SLH07,Scalloped,FPH,USA,30.00618,-85.53995,2015-08-20,20,8,2015,F,370,415,NA,550,YOY,Bethea
PC_099-15,NA,SLH07,Scalloped,FPH,USA,29.66695,-85.22245,2015-10-15,15,10,2015,M,420,480,NA,620,YOY,Bethea
PC_101-16,NA,SLH07,Scalloped,FPH,USA,29.66568,-85.19273,2016-05-11,11,5,2016,M,300,330,NA,430,YOY,Bethea
PC_102-16,NA,SLH07,Scalloped,FPH,USA,29.65905,-85.2271,2016-05-11,11,5,2016,M,630,680,NA,920,YOY,Bethea
PC_103-16,NA,SLH07,Scalloped,FPH,USA,29.65905,-85.2271,2016-05-11,11,5,2016,M,560,620,NA,840,YOY,Bethea
PC_104-16,NA,SLH07,Scalloped,FPH,USA,29.65905,-85.2271,2016-05-11,11,5,2016,M,520,560,NA,750,SM_JUV,Bethea
PC_105-16,NA,SLH07,Scalloped,FPH,USA,29.65905,-85.2271,2016-05-11,11,5,2016,M,510,560,NA,750,YOY,Bethea
PC_106-16,NA,SLH07,Scalloped,FPH,USA,29.65905,-85.2271,2016-05-11,11,5,2016,M,510,560,NA,740,YOY,Bethea
PC_107-16,NA,SLH07,Scalloped,FPH,USA,29.65905,-85.2271,2016-05-11,11,5,2016,M,520,580,NA,750,YOY,Bethea
PC_108-16,NA,SLH07,Scalloped,FPH,USA,29.65905,-85.2271,2016-05-11,11,5,2016,M,510,560,NA,700,YOY,Bethea
PC_109-16,NA,SLH07,Scalloped,FPH,USA,29.65905,-85.2271,2016-05-11,11,5,2016,M,330,370,NA,480,YOY,Bethea
PC_110-16,NA,SLH07,Scalloped,FPH,USA,29.65905,-85.2271,2016-05-11,11,5,2016,F,640,700,NA,920,YOY,Bethea
PC_111-16,NA,SLH07,Scalloped,FPH,USA,29.65905,-85.2271,2016-05-11,11,5,2016,M,540,590,NA,890,YOY,Bethea
PC_112-16,NA,SLH07,Scalloped,FPH,USA,29.86563,-85.39232,2016-05-17,17,5,2016,M,685,750,NA,1000,SM_JUV,Bethea
PC_115-16,NA,SLH07,Scalloped,FPH,USA,29.66188,-85.22508,2016-06-01,1,6,2016,M,320,350,NA,465,YOY,Bethea
PC_116-16,NA,SLH07,Scalloped,FPH,USA,29.99065,-85.5198,2016-06-29,29,6,2016,M,340,390,NA,520,YOY,Bethea
PC_117-16,NA,SLH07,Scalloped,FPH,USA,30.00755,-85.54392,2016-06-29,29,6,2016,F,340,390,NA,515,YOY,Bethea
PC_118-16,NA,SLH07,Scalloped,FPH,USA,30.00755,-85.54392,2016-06-29,29,6,2016,M,290,345,NA,470,YOY,Bethea
PC_119-16,NA,SLH07,Scalloped,FPH,USA,30.00755,-85.54392,2016-06-29,29,6,2016,M,320,360,NA,480,YOY,Bethea
PC_120-16,NA,SLH07,Scalloped,FPH,USA,29.66838,-85.20332,2016-07-22,22,7,2016,F,410,440,NA,590,YOY,Bethea
PC_121-16,NA,SLH07,Scalloped,FPH,USA,29.66838,-85.20332,2016-07-22,22,7,2016,M,340,370,NA,490,YOY,Bethea
PC_122-16,NA,SLH07,Scalloped,FPH,USA,29.67265,-85.22525,2016-07-22,22,7,2016,M,340,370,NA,495,YOY,Bethea
PC_123-16,NA,SLH09,Scalloped,FPH,USA,29.67265,-85.22525,2016-07-22,22,7,2016,M,380,420,NA,550,YOY,Bethea
PC_124-16,NA,SLH09,Scalloped,FPH,USA,29.67265,-85.22525,2016-07-22,22,7,2016,F,380,410,NA,550,YOY,Bethea
PC_132-16,NA,SLH09,Scalloped,FPH,USA,29.6662,-85.1974,2016-08-23,23,8,2016,M,400,440,NA,590,YOY,Bethea
PC_150-17,NA,SLH09,Scalloped,FPH,USA,29.66983,-85.20852,2017-06-14,14,6,2017,M,350,385,NA,510,YOY,Beth Deacy
PC_151-17,NA,SLH09,Scalloped,FPH,USA,29.65765,-85.20953,2017-06-14,14,6,2017,M,310,355,NA,470,YOY,Beth Deacy
PC_152-17,NA,SLH09,Scalloped,FPH,USA,29.65765,-85.20953,2017-06-14,14,6,2017,M,320,360,NA,480,YOY,Beth Deacy
PC_153-17,NA,SLH09,Scalloped,FPH,USA,29.67072,-85.2174,2017-06-14,14,6,2017,M,370,415,NA,550,YOY,Beth Deacy
PC_154-17,NA,SLH09,Scalloped,FPH,USA,30.04525,-85.57777,2017-07-26,26,7,2017,F,380,420,NA,560,YOY,Beth Deacy
PC_155-17,NA,SLH09,Scalloped,FPH,USA,29.99727,-85.52495,2017-07-26,26,7,2017,M,400,435,NA,580,YOY,Beth Deacy
PC_156-17,NA,SLH09,Scalloped,FPH,USA,29.99727,-85.52495,2017-07-26,26,7,2017,F,365,410,NA,545,YOY,Beth Deacy
PC_157-17,NA,SLH09,Scalloped,FPH,USA,29.99727,-85.52495,2017-07-26,26,7,2017,F,345,390,NA,525,YOY,Beth Deacy
PC_158-17,NA,SLH09,Scalloped,FPH,USA,29.99727,-85.52495,2017-07-26,26,7,2017,F,350,390,NA,520,YOY,Beth Deacy
PC_159-17,NA,SLH09,Scalloped,FPH,USA,29.99727,-85.52495,2017-07-26,26,7,2017,F,355,385,NA,505,YOY,Beth Deacy
PC_160-17,NA,SLH09,Scalloped,FPH,USA,29.99727,-85.52495,2017-07-26,26,7,2017,M,330,370,NA,490,YOY,Beth Deacy
PC_161-17,NA,SLH09,Scalloped,FPH,USA,29.99727,-85.52495,2017-07-26,26,7,2017,F,405,440,NA,590,YOY,Beth Deacy
PC_162-17,NA,SLH09,Scalloped,FPH,USA,29.99727,-85.52495,2017-07-26,26,7,2017,M,375,410,NA,540,YOY,Beth Deacy
PC_164-17,NA,SLH09,Scalloped,FPH,USA,29.67243,-85.22305,2017-07-27,27,7,2017,M,310,340,NA,450,YOY,Beth Deacy
PC_165-17,NA,SLH09,Scalloped,FPH,USA,29.67243,-85.22305,2017-07-27,27,7,2017,F,360,390,NA,520,YOY,Beth Deacy
PC_166-17,NA,SLH09,Scalloped,FPH,USA,29.66177,-85.22728,2017-07-27,27,7,2017,F,600,645,NA,870,SM_JUV,Beth Deacy
PC_167-17,NA,SLH09,Scalloped,FPH,USA,29.63765,-85.16085,2017-07-27,27,7,2017,M,380,410,NA,550,YOY,Beth Deacy
NF_001-10,NA,SLH03,Scalloped,TR,USA,30.05197,-81.36442,2010-06-16,16,6,2010,M,345,380,480,501,YOY,Jimmy G
NF_002-10,NA,SLH03,Scalloped,TR,USA,30.05643,-81.36853,2010-06-16,16,6,2010,M,375,415,520,550,YOY,Jimmy G
NF_003-10,NA,SLH03,Scalloped,TR,USA,30.05643,-81.36853,2010-06-16,16,6,2010,M,345,385,480,515,YOY,Jimmy G
NF_006-10,NA,SLH03,Scalloped,TR,USA,30.06002,-81.35518,2010-06-16,16,6,2010,F,350,380,490,505,YOY,Jimmy G
NF_007-10,NA,SLH03,Scalloped,TR,USA,30.06002,-81.35518,2010-06-16,16,6,2010,F,330,375,470,490,YOY,Jimmy G
NF_008-10,NA,SLH03,Scalloped,TR,USA,30.06002,-81.35518,2010-06-16,16,6,2010,F,385,430,515,555,YOY,Jimmy G
NF_009-10,NA,SLH03,Scalloped,TR,USA,30.06002,-81.35518,2010-06-16,16,6,2010,M,360,395,495,530,YOY,Jimmy G
NF_010-10,NA,SLH03,Scalloped,TR,USA,30.06002,-81.35518,2010-06-16,16,6,2010,F,360,400,490,530,YOY,Jimmy G
NF_011-10,NA,SLH03,Scalloped,TR,USA,30.06508,-81.36013,2010-06-16,16,6,2010,M,380,420,530,565,YOY,Jimmy G
NF_012-10,NA,SLH03,Scalloped,TR,USA,30.06508,-81.36013,2010-06-16,16,6,2010,M,400,445,560,600,YOY,Jimmy G
NF_013-10,NA,SLH03,Scalloped,TR,USA,30.06645,-81.36372,2010-06-16,16,6,2010,M,390,425,545,560,YOY,Jimmy G
NF_014-10,NA,SLH03,Scalloped,TR,USA,30.06332,-81.35722,2010-06-24,24,6,2010,F,370,410,495,540,YOY,Jimmy G
NF_015-10,NA,SLH03,Scalloped,TR,USA,30.06332,-81.35722,2010-06-24,24,6,2010,M,350,390,495,510,YOY,Jimmy G
NF_016-10,NA,SLH03,Scalloped,TR,USA,30.06332,-81.35722,2010-06-24,24,6,2010,F,380,420,545,555,YOY,Jimmy G
NF_017-10,NA,SLH03,Scalloped,TR,USA,30.0582,-81.35567,2010-06-24,24,6,2010,M,360,400,490,525,YOY,Jimmy G
NF_018-10,NA,SLH03,Scalloped,TR,USA,30.0582,-81.35567,2010-06-24,24,6,2010,F,395,435,555,580,YOY,Jimmy G
NF_019-10,NA,SLH03,Scalloped,TR,USA,30.05062,-81.3658,2010-06-24,24,6,2010,M,370,410,510,530,YOY,Jimmy G
NF_020-10,NA,SLH03,Scalloped,TR,USA,30.05062,-81.3658,2010-06-24,24,6,2010,M,345,390,490,510,YOY,Jimmy G
NF_022-10,NA,SLH03,Scalloped,TR,USA,30.06162,-81.36428,2010-07-22,22,7,2010,M,405,435,590,590,YOY,Jimmy G
NF_024-10,NA,SLH03,Scalloped,TR,USA,30.06392,-81.36008,2010-07-22,22,7,2010,F,350,400,510,550,YOY,Jimmy G
NF_025-10,NA,SLH03,Scalloped,TR,USA,30.06392,-81.36008,2010-07-22,22,7,2010,M,405,445,550,585,YOY,Jimmy G
NF_026-10,NA,SLH03,Scalloped,TR,USA,30.06392,-81.36008,2010-07-22,22,7,2010,M,375,420,510,550,YOY,Jimmy G
NF_027-10,NA,SLH03,Scalloped,TR,USA,30.06392,-81.36008,2010-07-22,22,7,2010,M,315,355,450,470,YOY,Jimmy G
NF_028-10,NA,SLH03,Scalloped,TR,USA,30.06392,-81.36008,2010-07-22,22,7,2010,M,395,440,550,580,YOY,Jimmy G
NF_029-10,NA,SLH03,Scalloped,TR,USA,30.06157,-81.35615,2010-07-22,22,7,2010,F,365,395,515,525,YOY,Jimmy G
NF_031-10,NA,SLH03,Scalloped,TR,USA,30.05413,-81.35803,2010-07-22,22,7,2010,M,365,410,490,535,YOY,Jimmy G
NF_033-10,NA,SLH03,Scalloped,TR,USA,30.05413,-81.35803,2010-07-22,22,7,2010,M,375,420,525,550,YOY,Jimmy G
NF_034-11,NA,SLH03,Scalloped,TR,USA,30.06187,-81.3558,2011-05-16,16,5,2011,M,290,330,425,430,YOY,Jimmy G
NF_036-11,NA,SLH03,Scalloped,TR,USA,30.06333,-81.35683,2011-05-18,18,5,2011,F,370,410,530,530,YOY,Jimmy G
NF_037-11,NA,SLH03,Scalloped,TR,USA,30.06287,-81.3694,2011-05-23,23,5,2011,F,335,375,440,495,YOY,Jimmy G
NF_038-11,NA,SLH03,Scalloped,TR,USA,30.0637,-81.35783,2011-05-25,25,5,2011,M,300,340,440,450,YOY,Jimmy G
NF_039-11,NA,SLH03,Scalloped,TR,USA,30.0637,-81.35783,2011-05-25,25,5,2011,F,275,305,395,400,YOY,Jimmy G
NF_040-11,NA,SLH03,Scalloped,TR,USA,30.05632,-81.35573,2011-05-25,25,5,2011,M,345,390,500,510,YOY,Jimmy G
NF_042-11,NA,SLH03,Scalloped,TR,USA,30.05,-81.366,2011-05-25,25,5,2011,F,325,360,455,465,YOY,Jimmy G
NF_044-11,NA,SLH03,Scalloped,TR,USA,30.06627,-81.3617,2011-06-08,8,6,2011,M,330,360,460,480,YOY,Jimmy G
NF_045-11,NA,SLH03,Scalloped,TR,USA,30.05603,-81.35667,2011-06-15,15,6,2011,M,320,355,445,465,YOY,Jimmy G
NF_046-11,NA,SLH03,Scalloped,TR,USA,30.05603,-81.35667,2011-06-15,15,6,2011,F,345,390,480,510,YOY,Jimmy G
NF_047-11,NA,SLH03,Scalloped,TR,USA,30.05603,-81.35667,2011-06-15,15,6,2011,M,320,360,450,480,YOY,Jimmy G
NF_048-11,NA,SLH03,Scalloped,TR,USA,30.05603,-81.35667,2011-06-15,15,6,2011,M,350,390,480,515,YOY,Jimmy G
NF_049-11,NA,SLH03,Scalloped,TR,USA,30.05603,-81.35667,2011-06-15,15,6,2011,F,345,380,480,510,YOY,Jimmy G
NF_050-11,NA,SLH03,Scalloped,TR,USA,30.05603,-81.35667,2011-06-15,15,6,2011,M,360,390,490,520,YOY,Jimmy G
NF_051-11,NA,SLH03,Scalloped,TR,USA,30.06188,-81.35628,2011-06-24,24,6,2011,F,330,355,460,480,YOY,Jimmy G
NF_053-11,NA,SLH03,Scalloped,TR,USA,30.07418,-81.36563,2011-07-05,5,7,2011,M,370,400,500,530,YOY,Jimmy G
NF_054-11,NA,SLH03,Scalloped,TR,USA,30.03488,-81.36542,2011-07-05,5,7,2011,M,320,360,460,470,YOY,Jimmy G
NF_055-11,NA,SLH03,Scalloped,TR,USA,30.05348,-81.36013,2011-07-05,5,7,2011,M,350,390,480,520,YOY,Jimmy G
NF_121-15,NA,SLH10,Scalloped,TR,USA,30.05797,-81.35502,2015-05-22,22,5,2015,M,320,360,NA,380,YOY,Jimmy G
NF_123-15,NA,SLH10,Scalloped,TR,USA,30.05797,-81.35502,2015-05-22,22,5,2015,M,320,360,NA,470,YOY,Jimmy G
NF_124-15,NA,SLH10,Scalloped,TR,USA,30.06095,-81.35602,2015-05-22,22,5,2015,M,320,350,NA,460,YOY,Jimmy G
NF_125-15,NA,SLH10,Scalloped,TR,USA,30.06095,-81.35602,2015-05-22,22,5,2015,M,330,360,NA,485,YOY,Jimmy G
NF_126-15,NA,SLH10,Scalloped,TR,USA,30.06095,-81.35602,2015-05-22,22,5,2015,F,310,350,NA,460,YOY,Jimmy G
NF_127-15,NA,SLH10,Scalloped,TR,USA,30.0612,-81.36663,2015-06-03,3,6,2015,M,330,360,NA,470,YOY,Jimmy G
NF_128-15,NA,SLH10,Scalloped,TR,USA,30.0588,-81.35503,2015-06-03,3,6,2015,F,340,370,NA,500,YOY,Jimmy G
NF_129-15,NA,SLH10,Scalloped,TR,USA,30.0588,-81.35503,2015-06-03,3,6,2015,F,290,330,NA,440,YOY,Jimmy G
NF_134-15,NA,SLH07,Scalloped,TR,USA,30.06207,-81.356,2015-07-23,23,7,2015,M,330,370,NA,490,YOY,Jimmy G
NF_135-15,NA,SLH07,Scalloped,TR,USA,30.05838,-81.355,2015-07-23,23,7,2015,M,350,390,NA,520,YOY,Jimmy G
NF_142-16,NA,SLH07,Scalloped,TR,USA,30.06428,-81.35865,2016-05-17,17,5,2016,F,310,350,NA,450,YOY,Jimmy G
NF_143-16,NA,SLH07,Scalloped,TR,USA,30.0524,-81.36362,2016-05-17,17,5,2016,F,330,360,NA,480,YOY,Jimmy G
NF_144-16,NA,SLH07,Scalloped,TR,USA,30.02303,-81.35055,2016-05-17,17,5,2016,F,360,390,NA,550,YOY,Jimmy G
NF_147-16,NA,SLH07,Scalloped,TR,USA,30.05542,-81.35703,2016-06-02,2,6,2016,F,335,370,NA,480,YOY,Jimmy G
NF_148-16,NA,SLH07,Scalloped,TR,USA,30.05542,-81.35703,2016-06-02,2,6,2016,M,310,340,NA,460,YOY,Jimmy G
NF_149-16,NA,SLH07,Scalloped,TR,USA,30.05163,-81.36537,2016-06-02,2,6,2016,M,330,380,NA,490,YOY,Jimmy G
NF_150-16,NA,SLH07,Scalloped,TR,USA,30.06053,-81.35545,2016-06-16,16,6,2016,M,350,380,NA,520,YOY,Jimmy G
NF_151-16,NA,SLH09,Scalloped,TR,USA,30.06053,-81.35545,2016-06-16,16,6,2016,F,355,410,NA,520,YOY,Jimmy G
NF_152-16,NA,SLH09,Scalloped,TR,USA,30.05333,-81.35975,2016-06-16,16,6,2016,F,335,370,NA,490,YOY,Jimmy G
NF_156-16,NA,SLH09,Scalloped,TR,USA,30.00188,-81.33752,2016-07-12,12,7,2016,M,390,430,NA,475,YOY,Jimmy G
NF_159-17,NA,SLH09,Scalloped,TR,USA,30.06367,-81.35758,2017-05-17,17,5,2017,F,300,330,NA,440,YOY,Jimmy G
NF_160-17,NA,SLH10,Scalloped,TR,USA,30.06367,-81.35758,2017-05-17,17,5,2017,M,340,380,NA,500,YOY,Jimmy G
NF_161-17,NA,SLH10,Scalloped,TR,USA,29.99937,-81.33372,2017-05-22,22,5,2017,M,310,340,NA,450,YOY,Jimmy G
NF_168-17,NA,SLH10,Scalloped,TR,USA,30.05737,-81.3553,2017-06-09,9,6,2017,F,370,400,NA,520,YOY,Jimmy G
NF_169-17,NA,SLH10,Scalloped,TR,USA,30.05737,-81.3553,2017-06-09,9,6,2017,M,340,360,NA,490,YOY,Jimmy G
NF_170-17,NA,SLH10,Scalloped,TR,USA,30.05737,-81.3553,2017-06-09,9,6,2017,F,340,370,NA,490,YOY,Jimmy G
NF_171-17,NA,SLH10,Scalloped,TR,USA,30.0529,-81.36007,2017-06-09,9,6,2017,F,300,340,NA,440,YOY,Jimmy G
NF_172-17,NA,SLH10,Scalloped,TR,USA,30.0529,-81.36007,2017-06-09,9,6,2017,M,360,400,NA,500,YOY,Jimmy G
NF_173-17,NA,SLH10,Scalloped,TR,USA,30.05157,-81.36478,2017-06-09,9,6,2017,M,330,350,NA,470,YOY,Jimmy G
NF_174-17,NA,SLH10,Scalloped,TR,USA,30.05157,-81.36478,2017-06-09,9,6,2017,M,330,360,NA,480,YOY,Jimmy G
NF_176-17,NA,SLH10,Scalloped,TR,USA,30.05615,-81.356,2017-06-29,29,6,2017,M,370,410,NA,540,YOY,Jimmy G
NF_177-17,NA,SLH10,Scalloped,TR,USA,29.99998,-81.33562,2017-06-29,29,6,2017,F,330,360,NA,490,YOY,Jimmy G
NF_181-17,NA,SLH10,Scalloped,TR,USA,29.99895,-81.33472,2017-07-11,11,7,2017,M,340,370,NA,500,YOY,Jimmy G
NF_182-17,NA,SLH10,Scalloped,TR,USA,30.0634,-81.35775,2017-07-11,11,7,2017,F,300,340,NA,460,YOY,Jimmy G
NF_186-17,NA,SLH10,Scalloped,TR,USA,29.99775,-81.33203,2017-07-31,31,7,2017,M,410,450,NA,600,YOY,Jimmy G
NF_188-15,NA,SLH06,Scalloped,TR,USA,30.0514,-81.366,2015-07-23,23,7,2015,M,326,362,476,NA,YOY,Frazier
NF_189-15,NA,SLH06,Scalloped,TR,USA,30.0621,-81.356,2015-07-23,23,7,2015,F,299,334,443,NA,YOY,Frazier
NF_193-16,NA,SLH06,Scalloped,TR,USA,30.0615,-81.3557,2016-07-12,12,7,2016,M,332,369,488,NA,YOY,Frazier
NF_194-16,NA,SLH06,Scalloped,TR,USA,30.0515,-81.3657,2016-07-12,12,7,2016,F,326,364,485,NA,YOY,Frazier
NF_195-16,NA,SLH06,Scalloped,TR,USA,30.0524,-81.3628,2016-07-27,27,7,2016,M,332,371,496,NA,YOY,Frazier
NF_207-16,NA,SLH06,Scalloped,TR,USA,30.0628,-81.3575,2016-08-10,10,8,2016,F,385,430,574,NA,YOY,Frazier
NF_208-17,NA,SLH06,Scalloped,TR,USA,29.99937,-81.33372,2017-05-22,22,5,2017,M,329,367,493,NA,YOY,Frazier
NF_210-17,NA,SLH06,Scalloped,TR,USA,30.05862,-81.35528,2017-07-11,11,7,2017,F,365,410,546,NA,YOY,Frazier
NF_214-17,NA,SLH06,Scalloped,TR,USA,29.99775,-81.33203,2017-07-31,31,7,2017,M,362,404,533,NA,YOY,Frazier
NF_218-17,NA,SLH06,Scalloped,TR,USA,30.06297,-81.35703,2017-08-24,24,8,2017,F,286,320,433,NA,YOY,Frazier
NF_250-18,NA,SLH11,Scalloped,TR,USA,30.0615,-81.3557,2018-05-29,29,5,2018,F,329,370,491,NA,YOY,Frazier
NF_251-18,NA,SLH11,Scalloped,TR,USA,30.0628,-81.3575,2018-05-29,29,5,2018,M,315,354,468,NA,YOY,Frazier
NF_252-18,NA,SLH11,Scalloped,TR,USA,30.0628,-81.3575,2018-05-29,29,5,2018,M,322,361,482,NA,YOY,Frazier
NF_253-18,NA,SLH11,Scalloped,TR,USA,29.99775,-81.33203,2018-06-19,19,6,2018,M,300,339,451,NA,YOY,Frazier
NF_254-18,NA,SLH11,Scalloped,TR,USA,29.99775,-81.33203,2018-06-19,19,6,2018,M,299,346,461,NA,YOY,Frazier
NF_255-18,NA,SLH12,Scalloped,TR,USA,30.0001,-81.33383,2018-05-29,29,5,2018,F,360,390,530,NA,YOY,Jimmy G
NF_256-18,NA,SLH12,Scalloped,TR,USA,30.05602,-81.35668,2018-05-29,29,5,2018,F,380,410,540,NA,YOY,Jimmy G
NF_257-18,NA,SLH12,Scalloped,TR,USA,30.05602,-81.35668,2018-05-29,29,5,2018,F,370,400,530,NA,YOY,Jimmy G
NF_258-18,NA,SLH12,Scalloped,TR,USA,30.06368,-81.35818,2018-05-29,29,5,2018,F,290,320,430,NA,YOY,Jimmy G
NF_259-18,NA,SLH12,Scalloped,TR,USA,29.96111,-81.32735,2018-06-07,7,6,2018,F,290,320,420,NA,YOY,Jimmy G
NF_260-18,NA,SLH12,Scalloped,TR,USA,29.9978,-81.33237,2018-06-19,19,6,2018,M,310,340,470,NA,YOY,Jimmy G
NF_263-18,NA,SLH12,Scalloped,TR,USA,29.95539,-81.31696,2018-06-25,25,6,2018,F,350,380,500,NA,YOY,Jimmy G
NF_266-18,NA,SLH12,Scalloped,TR,USA,30.0013,-81.33645,2018-08-14,14,8,2018,F,330,370,480,NA,YOY,Jimmy G
NF_267-18,NA,SLH12,Scalloped,TR,USA,30.0013,-81.33645,2018-08-14,14,8,2018,F,330,370,490,NA,YOY,Jimmy G
NF_277-19,NA,SLH14,Scalloped,TR,USA,30.063,-81.3573,2019-06-14,14,6,2019,M,NA,303,402,NA,YOY,Frazier
NF_278-19,NA,SLH14,Scalloped,TR,USA,30.06158,-81.35585,2019-07-23,23,7,2019,M,NA,397,525,NA,YOY,Frazier
NF_279-19,NA,SLH14,Scalloped,TR,USA,30.06213,-81.35637,2019-07-29,29,7,2019,M,NA,388,519,NA,YOY,Frazier
NF_280-19,NA,SLH14,Scalloped,TR,USA,30.0224,-81.34848,2019-07-29,29,7,2019,F,NA,356,470,NA,YOY,Frazier
NF_281-19,NA,SLH14,Scalloped,TR,USA,30.0557,-81.35622,2019-08-07,7,8,2019,F,NA,404,537,NA,YOY,Frazier
